     1	covv_virus_name
     2	Virus name
     3	hCov-19/Netherlands/ZH-EMC-1516
     4	hCov-19/Netherlands/ZH-EMC-1517
     5	hCov-19/Netherlands/ZH-EMC-1518
     6	hCov-19/Netherlands/ZH-EMC-1519
     7	hCov-19/Netherlands/ZH-EMC-1520
     8	hCov-19/Netherlands/ZH-EMC-1521
     9	hCov-19/Netherlands/GE-EMC-501
    10	hCov-19/Netherlands/NH-EMC-108
    11	hCov-19/Netherlands/UT-EMC-286
    12	hCov-19/Netherlands/UT-EMC-287
    13	hCov-19/Netherlands/FL-EMC-46
    14	hCov-19/Netherlands/UT-EMC-288
    15	hCov-19/Netherlands/UT-EMC-289
    16	hCov-19/Netherlands/GE-EMC-502
    17	hCov-19/Netherlands/GE-EMC-503
    18	hCov-19/Netherlands/GE-EMC-504
    19	hCov-19/Netherlands/UT-EMC-290
    20	hCov-19/Netherlands/UT-EMC-291
    21	hCov-19/Netherlands/UT-EMC-292
    22	hCov-19/Netherlands/UT-EMC-293
    23	hCov-19/Netherlands/UT-EMC-294
    24	hCov-19/Netherlands/GE-EMC-505
    25	hCov-19/Netherlands/UT-EMC-295
    26	hCov-19/Netherlands/GE-EMC-506
    27	hCov-19/Netherlands/GE-EMC-507
    28	hCov-19/Netherlands/GE-EMC-508
    29	hCov-19/Netherlands/UT-EMC-296
    30	hCov-19/Netherlands/GE-EMC-509
    31	hCov-19/Netherlands/ZH-EMC-1522
    32	hCov-19/Netherlands/ZH-EMC-1523
    33	hCov-19/Netherlands/ZH-EMC-1524
    34	hCov-19/Netherlands/ZH-EMC-1525
    35	hCov-19/Netherlands/ZH-EMC-1526
    36	hCov-19/Netherlands/ZH-EMC-1527
    37	hCov-19/Netherlands/ZH-EMC-1528
    38	hCov-19/Netherlands/ZH-EMC-1529
    39	hCov-19/Netherlands/ZH-EMC-1530
    40	hCov-19/Netherlands/ZH-EMC-1531
    41	hCov-19/Netherlands/GR-EMC-34
    42	hCov-19/Netherlands/GE-EMC-510
    43	hCov-19/Netherlands/ZH-EMC-1532
    44	hCov-19/Netherlands/NH-EMC-109
    45	hCov-19/Netherlands/GR-EMC-35
    46	hCov-19/Netherlands/GR-EMC-36
    47	hCov-19/Netherlands/GR-EMC-37
    48	hCov-19/Netherlands/GR-EMC-38
    49	hCov-19/Netherlands/GR-EMC-39
    50	hCov-19/Netherlands/GR-EMC-40
    51	hCov-19/Netherlands/GR-EMC-41
    52	hCov-19/Netherlands/GR-EMC-42
    53	hCov-19/Netherlands/GR-EMC-43
    54	hCov-19/Netherlands/GR-EMC-44
    55	hCov-19/Netherlands/NB-EMC-598
    56	hCov-19/Netherlands/NB-EMC-599
    57	hCov-19/Netherlands/NB-EMC-600
    58	hCov-19/Netherlands/NB-EMC-601
    59	hCov-19/Netherlands/NB-EMC-602
    60	hCov-19/Netherlands/ZH-EMC-1533
    61	hCov-19/Netherlands/ZH-EMC-1534
    62	hCov-19/Netherlands/un-EMC-865
    63	hCov-19/Netherlands/un-EMC-866
    64	hCov-19/Netherlands/NB-EMC-603
    65	hCov-19/Netherlands/NB-EMC-604
    66	hCov-19/Netherlands/NB-EMC-605
    67	hCov-19/Netherlands/NB-EMC-606
    68	hCov-19/Netherlands/NB-EMC-607
    69	hCov-19/Netherlands/NB-EMC-608
    70	hCov-19/Netherlands/NB-EMC-609
    71	hCov-19/Netherlands/NB-EMC-620
    72	hCov-19/Netherlands/ZH-EMC-1535
    73	hCov-19/Netherlands/ZH-EMC-1536
    74	hCov-19/Netherlands/ZH-EMC-1537
    75	hCov-19/Netherlands/NH-EMC-110
    76	hCov-19/Netherlands/ZH-EMC-1538
    77	hCov-19/Netherlands/ZH-EMC-1539
    78	hCov-19/Netherlands/ZH-EMC-1540
    79	hCov-19/Netherlands/ZH-EMC-1541
    80	hCov-19/Netherlands/ZH-EMC-1542
    81	hCov-19/Netherlands/ZH-EMC-1543
    82	hCov-19/Netherlands/ZH-EMC-1544
    83	hCov-19/Netherlands/ZH-EMC-1545
    84	hCov-19/Netherlands/ZH-EMC-1546
    85	hCov-19/Netherlands/ZH-EMC-1547
    86	hCov-19/Netherlands/ZH-EMC-1548
    87	hCov-19/Netherlands/ZH-EMC-1549
    88	hCov-19/Netherlands/ZH-EMC-1550
    89	hCov-19/Netherlands/ZH-EMC-1551
    90	hCov-19/Netherlands/ZH-EMC-1552
    91	hCov-19/Netherlands/ZH-EMC-1553
    92	hCov-19/Netherlands/ZH-EMC-1554
    93	hCov-19/Netherlands/ZH-EMC-1555
    94	hCov-19/Netherlands/ZH-EMC-1556
    95	hCov-19/Netherlands/ZH-EMC-1557
    96	hCov-19/Netherlands/ZH-EMC-1558
    97	hCov-19/Netherlands/ZH-EMC-1559
    98	hCov-19/Netherlands/ZH-EMC-1560
    99	hCov-19/Netherlands/ZH-EMC-1561
   100	hCov-19/Netherlands/ZH-EMC-1562
   101	hCov-19/Netherlands/ZH-EMC-1563
   102	hCov-19/Netherlands/ZH-EMC-1564
   103	hCov-19/Netherlands/ZH-EMC-1565
   104	hCov-19/Netherlands/ZH-EMC-1566
   105	hCov-19/Netherlands/ZH-EMC-1567
   106	hCov-19/Netherlands/ZH-EMC-1568
   107	hCov-19/Netherlands/ZH-EMC-1569
   108	hCov-19/Netherlands/ZH-EMC-1570
   109	hCov-19/Netherlands/ZH-EMC-1571
   110	hCov-19/Netherlands/LI-EMC-275
   111	hCov-19/Netherlands/LI-EMC-276
   112	hCov-19/Netherlands/LI-EMC-277
   113	hCov-19/Netherlands/LI-EMC-278
   114	hCov-19/Netherlands/NB-EMC-644
   115	hCov-19/Netherlands/NB-EMC-645
   116	hCov-19/Netherlands/NB-EMC-646
   117	hCov-19/Netherlands/NB-EMC-647
   118	hCov-19/Netherlands/NB-EMC-648
   119	hCov-19/Netherlands/NB-EMC-649
   120	hCov-19/Netherlands/NB-EMC-650
   121	hCov-19/Netherlands/NB-EMC-651
   122	hCov-19/Netherlands/NB-EMC-652
   123	hCov-19/Netherlands/NB-EMC-653
   124	hCov-19/Netherlands/NB-EMC-654
   125	hCov-19/Netherlands/NB-EMC-655
   126	hCov-19/Netherlands/NB-EMC-656
   127	hCov-19/Netherlands/NB-EMC-657
   128	hCov-19/Netherlands/NB-EMC-658
   129	hCov-19/Netherlands/NB-EMC-659
   130	hCov-19/Netherlands/NB-EMC-660
   131	hCov-19/Netherlands/LI-EMC-279
   132	hCov-19/Netherlands/LI-EMC-280
   133	hCov-19/Netherlands/LI-EMC-281
   134	hCov-19/Netherlands/LI-EMC-282
   135	hCov-19/Netherlands/LI-EMC-283
   136	hCov-19/Netherlands/LI-EMC-284
   137	hCov-19/Netherlands/LI-EMC-285
   138	hCov-19/Netherlands/LI-EMC-286
   139	hCov-19/Netherlands/LI-EMC-287
   140	hCov-19/Netherlands/LI-EMC-288
   141	hCov-19/Netherlands/LI-EMC-289
   142	hCov-19/Netherlands/LI-EMC-290
   143	hCov-19/Netherlands/LI-EMC-291
   144	hCov-19/Netherlands/LI-EMC-292
   145	hCov-19/Netherlands/LI-EMC-293
   146	hCov-19/Netherlands/LI-EMC-294
   147	hCov-19/Netherlands/LI-EMC-295
   148	hCov-19/Netherlands/LI-EMC-296
   149	hCov-19/Netherlands/LI-EMC-297
   150	hCov-19/Netherlands/LI-EMC-298
   151	hCov-19/Netherlands/LI-EMC-299
   152	hCov-19/Netherlands/LI-EMC-300
   153	hCov-19/Netherlands/LI-EMC-301
   154	hCov-19/Netherlands/LI-EMC-302
   155	hCov-19/Netherlands/LI-EMC-303
   156	hCov-19/Netherlands/LI-EMC-304
   157	hCov-19/Netherlands/LI-EMC-305
   158	hCov-19/Netherlands/LI-EMC-306
   159	hCov-19/Netherlands/LI-EMC-307
   160	hCov-19/Netherlands/LI-EMC-308
   161	hCov-19/Netherlands/LI-EMC-309
   162	hCov-19/Netherlands/LI-EMC-310
   163	hCov-19/Netherlands/LI-EMC-311
   164	hCov-19/Netherlands/LI-EMC-312
   165	hCov-19/Netherlands/LI-EMC-313
   166	hCov-19/Netherlands/LI-EMC-314
   167	hCov-19/Netherlands/LI-EMC-315
   168	hCov-19/Netherlands/LI-EMC-316
   169	hCov-19/Netherlands/LI-EMC-317
   170	hCov-19/Netherlands/LI-EMC-318
   171	hCov-19/Netherlands/LI-EMC-319
   172	hCov-19/Netherlands/LI-EMC-320
   173	hCov-19/Netherlands/LI-EMC-321
   174	hCov-19/Netherlands/LI-EMC-322
   175	hCov-19/Netherlands/LI-EMC-323
   176	hCov-19/Netherlands/LI-EMC-324
   177	hCov-19/Netherlands/LI-EMC-325
   178	hCov-19/Netherlands/LI-EMC-326
   179	hCov-19/Netherlands/LI-EMC-327
   180	hCov-19/Netherlands/LI-EMC-328
   181	hCov-19/Netherlands/LI-EMC-329
   182	hCov-19/Netherlands/LI-EMC-330
   183	hCov-19/Netherlands/LI-EMC-331
   184	hCov-19/Netherlands/LI-EMC-332
   185	hCov-19/Netherlands/NB-EMC-661
   186	hCov-19/Netherlands/LI-EMC-333
   187	hCov-19/Netherlands/NB-EMC-662
   188	hCov-19/Netherlands/NB-EMC-663
   189	hCov-19/Netherlands/NB-EMC-664
   190	hCov-19/Netherlands/OV-EMC-133
   191	hCov-19/Netherlands/OV-EMC-134
   192	hCov-19/Netherlands/OV-EMC-135
   193	hCov-19/Netherlands/OV-EMC-136
   194	hCov-19/Netherlands/OV-EMC-137
   195	hCov-19/Netherlands/OV-EMC-138
   196	hCov-19/Netherlands/OV-EMC-139
   197	hCov-19/Netherlands/OV-EMC-140
   198	hCov-19/Netherlands/OV-EMC-141
   199	hCov-19/Netherlands/OV-EMC-142
   200	hCov-19/Netherlands/OV-EMC-143
   201	hCov-19/Netherlands/OV-EMC-144
   202	hCov-19/Netherlands/un-EMC-877
   203	hCov-19/Netherlands/un-EMC-878
   204	hCov-19/Netherlands/un-EMC-879
   205	hCov-19/Netherlands/un-EMC-880
   206	hCov-19/Netherlands/un-EMC-881
   207	hCov-19/Netherlands/un-EMC-882
   208	hCov-19/Netherlands/un-EMC-883
   209	hCov-19/Netherlands/un-EMC-884
   210	hCov-19/Netherlands/LI-EMC-334
   211	hCov-19/Netherlands/LI-EMC-335
   212	hCov-19/Netherlands/NB-EMC-665
   213	hCov-19/Netherlands/NB-EMC-666
   214	hCov-19/Netherlands/NB-EMC-667
   215	hCov-19/Netherlands/NB-EMC-668
   216	hCov-19/Netherlands/NB-EMC-669
   217	hCov-19/Netherlands/NB-EMC-670
   218	hCov-19/Netherlands/NB-EMC-671
   219	hCov-19/Netherlands/NB-EMC-672
   220	hCov-19/Netherlands/NB-EMC-673
   221	hCov-19/Netherlands/NB-EMC-674
   222	hCov-19/Netherlands/NB-EMC-675
   223	hCov-19/Netherlands/OV-EMC-145
   224	hCov-19/Netherlands/NB-EMC-676
   225	hCov-19/Netherlands/OV-EMC-146
   226	hCov-19/Netherlands/NB-EMC-677
   227	hCov-19/Netherlands/OV-EMC-147
   228	hCov-19/Netherlands/OV-EMC-148
   229	hCov-19/Netherlands/OV-EMC-149
   230	hCov-19/Netherlands/OV-EMC-150
   231	hCov-19/Netherlands/OV-EMC-151
   232	hCov-19/Netherlands/OV-EMC-152
   233	hCov-19/Netherlands/un-EMC-885
   234	hCov-19/Netherlands/un-EMC-886
   235	hCov-19/Netherlands/un-EMC-887
   236	hCov-19/Netherlands/un-EMC-888
   237	hCov-19/Netherlands/un-EMC-889
   238	hCov-19/Netherlands/un-EMC-890
   239	hCov-19/Netherlands/un-EMC-891
   240	hCov-19/Netherlands/un-EMC-892
   241	hCov-19/Netherlands/un-EMC-893
   242	hCov-19/Netherlands/LI-EMC-336
   243	hCov-19/Netherlands/NB-EMC-678
   244	hCov-19/Netherlands/NB-EMC-679
   245	hCov-19/Netherlands/NB-EMC-680
   246	hCov-19/Netherlands/NB-EMC-681
   247	hCov-19/Netherlands/NB-EMC-682
   248	hCov-19/Netherlands/NB-EMC-683
   249	hCov-19/Netherlands/NB-EMC-684
   250	hCov-19/Netherlands/NB-EMC-685
   251	hCov-19/Netherlands/NB-EMC-686
   252	hCov-19/Netherlands/OV-EMC-153
   253	hCov-19/Netherlands/OV-EMC-154
   254	hCov-19/Netherlands/OV-EMC-155
   255	hCov-19/Netherlands/un-EMC-894
   256	hCov-19/Netherlands/NB-EMC-687
   257	hCov-19/Netherlands/NB-EMC-688
   258	hCov-19/Netherlands/NB-EMC-689
   259	hCov-19/Netherlands/LI-EMC-337
   260	hCov-19/Netherlands/LI-EMC-338
   261	hCov-19/Netherlands/NB-EMC-690
   262	hCov-19/Netherlands/NB-EMC-693
   263	hCov-19/Netherlands/OV-EMC-156
   264	hCov-19/Netherlands/ZH-EMC-1572
   265	hCov-19/Netherlands/ZH-EMC-1573
   266	hCov-19/Netherlands/ZH-EMC-1574
   267	hCov-19/Netherlands/ZH-EMC-1575
   268	hCov-19/Netherlands/ZH-EMC-1576
   269	hCov-19/Netherlands/ZH-EMC-1577
   270	hCov-19/Netherlands/ZH-EMC-1578
   271	hCov-19/Netherlands/ZH-EMC-1579
   272	hCov-19/Netherlands/ZH-EMC-1580
   273	hCov-19/Netherlands/ZH-EMC-1581
   274	hCov-19/Netherlands/ZH-EMC-1582
   275	hCov-19/Netherlands/ZH-EMC-1583
   276	hCov-19/Netherlands/un-EMC-867
   277	hCov-19/Netherlands/un-EMC-868
   278	hCov-19/Netherlands/ZH-EMC-1584
   279	hCov-19/Netherlands/ZH-EMC-1585
   280	hCov-19/Netherlands/un-EMC-869
   281	hCov-19/Netherlands/un-EMC-870
   282	hCov-19/Netherlands/un-EMC-871
   283	hCov-19/Netherlands/ZH-EMC-1586
   284	hCov-19/Netherlands/ZH-EMC-1587
   285	hCov-19/Netherlands/ZH-EMC-1588
   286	hCov-19/Netherlands/ZH-EMC-1589
   287	hCov-19/Netherlands/ZH-EMC-1590
   288	hCov-19/Netherlands/ZH-EMC-1591
   289	hCov-19/Netherlands/ZH-EMC-1592
   290	hCov-19/Netherlands/ZH-EMC-1593
   291	hCov-19/Netherlands/ZH-EMC-1594
   292	hCov-19/Netherlands/ZH-EMC-1595
   293	hCov-19/Netherlands/ZH-EMC-1596
   294	hCov-19/Netherlands/un-EMC-872
   295	hCov-19/Netherlands/un-EMC-873
   296	hCov-19/Netherlands/un-EMC-874
   297	hCov-19/Netherlands/un-EMC-875
   298	hCov-19/Netherlands/un-EMC-876
   299	hCov-19/Netherlands/ZH-EMC-1650
   300	hCov-19/Netherlands/ZH-EMC-1651
   301	hCov-19/Netherlands/ZH-EMC-1652
   302	hCov-19/Netherlands/ZH-EMC-1653
   303	hCov-19/Netherlands/ZH-EMC-1654
   304	hCov-19/Netherlands/ZH-EMC-1655
   305	hCov-19/Netherlands/ZH-EMC-1656
   306	hCov-19/Netherlands/ZH-EMC-1657
   307	hCov-19/Netherlands/ZH-EMC-1658
   308	hCov-19/Netherlands/ZH-EMC-1659
   309	hCov-19/Netherlands/ZH-EMC-1660
   310	hCov-19/Netherlands/ZH-EMC-1661
   311	hCov-19/Netherlands/ZH-EMC-1662
   312	hCov-19/Netherlands/ZH-EMC-1663
   313	hCov-19/Netherlands/ZH-EMC-1664
   314	hCov-19/Netherlands/ZH-EMC-1665
   315	hCov-19/Netherlands/ZH-EMC-1666
   316	hCov-19/Netherlands/ZH-EMC-1667
   317	hCov-19/Netherlands/ZH-EMC-1668
   318	hCov-19/Netherlands/ZH-EMC-1669
   319	hCov-19/Netherlands/ZH-EMC-1670
   320	hCov-19/Netherlands/ZH-EMC-1671
   321	hCov-19/Netherlands/ZH-EMC-1672
   322	hCov-19/Netherlands/ZH-EMC-1673
   323	hCov-19/Netherlands/ZH-EMC-1674
   324	hCov-19/Netherlands/ZH-EMC-1675
   325	hCov-19/Netherlands/ZH-EMC-1676
   326	hCov-19/Netherlands/ZH-EMC-1677
   327	hCov-19/Netherlands/ZH-EMC-1678
   328	hCov-19/Netherlands/ZH-EMC-1679
   329	hCov-19/Netherlands/ZH-EMC-1680
   330	hCov-19/Netherlands/ZH-EMC-1681
   331	hCov-19/Netherlands/ZH-EMC-1682
   332	hCov-19/Netherlands/ZH-EMC-2096
   333	hCov-19/Netherlands/ZH-EMC-1683
   334	hCov-19/Netherlands/ZH-EMC-1684
   335	hCov-19/Netherlands/ZH-EMC-1685
   336	hCov-19/Netherlands/ZH-EMC-1646
   337	hCov-19/Netherlands/ZH-EMC-1597
   338	hCov-19/Netherlands/ZH-EMC-1598
   339	hCov-19/Netherlands/ZH-EMC-1599
   340	hCov-19/Netherlands/ZH-EMC-1600
   341	hCov-19/Netherlands/ZH-EMC-1601
   342	hCov-19/Netherlands/ZH-EMC-1602
   343	hCov-19/Netherlands/ZH-EMC-2097
   344	hCov-19/Netherlands/ZH-EMC-1647
   345	hCov-19/Netherlands/ZH-EMC-1648
   346	hCov-19/Netherlands/ZH-EMC-1603
   347	hCov-19/Netherlands/ZH-EMC-1604
   348	hCov-19/Netherlands/ZH-EMC-1605
   349	hCov-19/Netherlands/ZH-EMC-1606
   350	hCov-19/Netherlands/ZH-EMC-1607
   351	hCov-19/Netherlands/ZH-EMC-1608
   352	hCov-19/Netherlands/NB-EMC-621
   353	hCov-19/Netherlands/NB-EMC-622
   354	hCov-19/Netherlands/NB-EMC-623
   355	hCov-19/Netherlands/ZH-EMC-1609
   356	hCov-19/Netherlands/ZH-EMC-1610
   357	hCov-19/Netherlands/ZH-EMC-1611
   358	hCov-19/Netherlands/ZH-EMC-1612
   359	hCov-19/Netherlands/ZH-EMC-1613
   360	hCov-19/Netherlands/ZH-EMC-1614
   361	hCov-19/Netherlands/ZH-EMC-1615
   362	hCov-19/Netherlands/ZH-EMC-1616
   363	hCov-19/Netherlands/ZH-EMC-1617
   364	hCov-19/Netherlands/ZH-EMC-1618
   365	hCov-19/Netherlands/ZH-EMC-1619
   366	hCov-19/Netherlands/ZH-EMC-1620
   367	hCov-19/Netherlands/ZH-EMC-1621
   368	hCov-19/Netherlands/ZH-EMC-1622
   369	hCov-19/Netherlands/ZH-EMC-1623
   370	hCov-19/Netherlands/ZH-EMC-1624
   371	hCov-19/Netherlands/ZH-EMC-1625
   372	hCov-19/Netherlands/ZH-EMC-1626
   373	hCov-19/Netherlands/ZH-EMC-1627
   374	hCov-19/Netherlands/NB-EMC-624
   375	hCov-19/Netherlands/NB-EMC-625
   376	hCov-19/Netherlands/NB-EMC-626
   377	hCov-19/Netherlands/NB-EMC-627
   378	hCov-19/Netherlands/NB-EMC-628
   379	hCov-19/Netherlands/NB-EMC-629
   380	hCov-19/Netherlands/NB-EMC-630
   381	hCov-19/Netherlands/NB-EMC-631
   382	hCov-19/Netherlands/NB-EMC-632
   383	hCov-19/Netherlands/NB-EMC-633
   384	hCov-19/Netherlands/NB-EMC-634
   385	hCov-19/Netherlands/NB-EMC-635
   386	hCov-19/Netherlands/NB-EMC-636
   387	hCov-19/Netherlands/NB-EMC-637
   388	hCov-19/Netherlands/NB-EMC-638
   389	hCov-19/Netherlands/NB-EMC-639
   390	hCov-19/Netherlands/NB-EMC-640
   391	hCov-19/Netherlands/NB-EMC-641
   392	hCov-19/Netherlands/NB-EMC-642
   393	hCov-19/Netherlands/NB-EMC-643
   394	hCov-19/Netherlands/ZH-EMC-1628
   395	hCov-19/Netherlands/ZH-EMC-1629
   396	hCov-19/Netherlands/ZH-EMC-1630
   397	hCov-19/Netherlands/ZH-EMC-1631
   398	hCov-19/Netherlands/ZH-EMC-1632
   399	hCov-19/Netherlands/ZH-EMC-1633
   400	hCov-19/Netherlands/ZH-EMC-1634
   401	hCov-19/Netherlands/ZH-EMC-1635
   402	hCov-19/Netherlands/ZH-EMC-1636
   403	hCov-19/Netherlands/ZH-EMC-1637
   404	hCov-19/Netherlands/ZH-EMC-1638
   405	hCov-19/Netherlands/ZH-EMC-1639
   406	hCov-19/Netherlands/ZH-EMC-1640
   407	hCov-19/Netherlands/ZH-EMC-1641
   408	hCov-19/Netherlands/ZH-EMC-1642
   409	hCov-19/Netherlands/ZH-EMC-2095
   410	hCov-19/Netherlands/ZH-EMC-1643
   411	hCov-19/Netherlands/ZH-EMC-1644
   412	hCov-19/Netherlands/ZH-EMC-1645
   413	hCov-19/Netherlands/ZH-EMC-1687
   414	hCov-19/Netherlands/ZH-EMC-1688
   415	hCov-19/Netherlands/ZH-EMC-1689
   416	hCov-19/Netherlands/NB-EMC-691
   417	hCov-19/Netherlands/NB-EMC-692
   418	hCov-19/Netherlands/ZH-EMC-1690
   419	hCov-19/Netherlands/ZH-EMC-1691
   420	hCov-19/Netherlands/ZH-EMC-1692
   421	hCov-19/Netherlands/ZH-EMC-1693
   422	hCov-19/Netherlands/ZH-EMC-1694
   423	hCov-19/Netherlands/GE-EMC-511
   424	hCov-19/Netherlands/ZH-EMC-1695
   425	hCov-19/Netherlands/ZH-EMC-1696
   426	hCov-19/Netherlands/ZH-EMC-1697
   427	hCov-19/Netherlands/ZH-EMC-1698
   428	hCov-19/Netherlands/ZH-EMC-1699
   429	hCov-19/Netherlands/ZH-EMC-1700
   430	hCov-19/Netherlands/ZH-EMC-1701
   431	hCov-19/Netherlands/ZH-EMC-1702
   432	hCov-19/Netherlands/ZH-EMC-1703
   433	hCov-19/Netherlands/ZH-EMC-1704
   434	hCov-19/Netherlands/ZH-EMC-1705
   435	hCov-19/Netherlands/ZH-EMC-1706
   436	hCov-19/Netherlands/UT-EMC-297
   437	hCov-19/Netherlands/UT-EMC-298
   438	hCov-19/Netherlands/UT-EMC-299
   439	hCov-19/Netherlands/UT-EMC-300
   440	hCov-19/Netherlands/UT-EMC-301
   441	hCov-19/Netherlands/UT-EMC-302
   442	hCov-19/Netherlands/ZH-EMC-1707
   443	hCov-19/Netherlands/ZH-EMC-1708
   444	hCov-19/Netherlands/ZH-EMC-1709
   445	hCov-19/Netherlands/ZH-EMC-1710
   446	hCov-19/Netherlands/ZH-EMC-1711
   447	hCov-19/Netherlands/ZH-EMC-1712
   448	hCov-19/Netherlands/ZH-EMC-1713
   449	hCov-19/Netherlands/ZH-EMC-1714
   450	hCov-19/Netherlands/ZH-EMC-1715
   451	hCov-19/Netherlands/ZH-EMC-1716
   452	hCov-19/Netherlands/ZH-EMC-1717
   453	hCov-19/Netherlands/ZH-EMC-1718
   454	hCov-19/Netherlands/ZH-EMC-1719
   455	hCov-19/Netherlands/ZH-EMC-1720
   456	hCov-19/Netherlands/ZH-EMC-1721
   457	hCov-19/Netherlands/UT-EMC-303
   458	hCov-19/Netherlands/FL-EMC-47
   459	hCov-19/Netherlands/UT-EMC-304
   460	hCov-19/Netherlands/GE-EMC-512
   461	hCov-19/Netherlands/UT-EMC-305
   462	hCov-19/Netherlands/FL-EMC-48
   463	hCov-19/Netherlands/UT-EMC-306
   464	hCov-19/Netherlands/UT-EMC-307
   465	hCov-19/Netherlands/GE-EMC-513
   466	hCov-19/Netherlands/GE-EMC-514
   467	hCov-19/Netherlands/UT-EMC-308
   468	hCov-19/Netherlands/GE-EMC-515
   469	hCov-19/Netherlands/ZH-EMC-1722
   470	hCov-19/Netherlands/ZH-EMC-1723
   471	hCov-19/Netherlands/ZH-EMC-1724
   472	hCov-19/Netherlands/ZH-EMC-1725
   473	hCov-19/Netherlands/ZH-EMC-1726
   474	hCov-19/Netherlands/ZH-EMC-1727
   475	hCov-19/Netherlands/ZH-EMC-1728
   476	hCov-19/Netherlands/ZH-EMC-1729
   477	hCov-19/Netherlands/ZH-EMC-1730
   478	hCov-19/Netherlands/ZH-EMC-1731
   479	hCov-19/Netherlands/ZH-EMC-1732
   480	hCov-19/Netherlands/ZH-EMC-1733
   481	hCov-19/Netherlands/ZH-EMC-1734
   482	hCov-19/Netherlands/ZH-EMC-1735
   483	hCov-19/Netherlands/ZH-EMC-1736
   484	hCov-19/Netherlands/ZH-EMC-1737
   485	hCov-19/Netherlands/NB-EMC-694
   486	hCov-19/Netherlands/NB-EMC-695
   487	hCov-19/Netherlands/NB-EMC-696
   488	hCov-19/Netherlands/NB-EMC-697
   489	hCov-19/Netherlands/NB-EMC-698
   490	hCov-19/Netherlands/NB-EMC-699
   491	hCov-19/Netherlands/NB-EMC-700
   492	hCov-19/Netherlands/NB-EMC-701
   493	hCov-19/Netherlands/NB-EMC-702
   494	hCov-19/Netherlands/NB-EMC-703
   495	hCov-19/Netherlands/NB-EMC-704
   496	hCov-19/Netherlands/NB-EMC-705
   497	hCov-19/Netherlands/NB-EMC-706
   498	hCov-19/Netherlands/NB-EMC-707
   499	hCov-19/Netherlands/NB-EMC-708
   500	hCov-19/Netherlands/NB-EMC-709
   501	hCov-19/Netherlands/NB-EMC-710
   502	hCov-19/Netherlands/NB-EMC-711
   503	hCov-19/Netherlands/NB-EMC-712
   504	hCov-19/Netherlands/NB-EMC-713
   505	hCov-19/Netherlands/NB-EMC-714
   506	hCov-19/Netherlands/NB-EMC-715
   507	hCov-19/Netherlands/NB-EMC-716
   508	hCov-19/Netherlands/NB-EMC-717
   509	hCov-19/Netherlands/NB-EMC-718
   510	hCov-19/Netherlands/NB-EMC-719
   511	hCov-19/Netherlands/NB-EMC-720
   512	hCov-19/Netherlands/NB-EMC-721
   513	hCov-19/Netherlands/NB-EMC-722
   514	hCov-19/Netherlands/NB-EMC-723
   515	hCov-19/Netherlands/NB-EMC-724
   516	hCov-19/Netherlands/NB-EMC-725
   517	hCov-19/Netherlands/NB-EMC-726
   518	hCov-19/Netherlands/NB-EMC-727
   519	hCov-19/Netherlands/ZH-EMC-1765
   520	hCov-19/Netherlands/ZH-EMC-1766
   521	hCov-19/Netherlands/ZH-EMC-1767
   522	hCov-19/Netherlands/ZH-EMC-1768
   523	hCov-19/Netherlands/ZH-EMC-1769
   524	hCov-19/Netherlands/ZH-EMC-1770
   525	hCov-19/Netherlands/ZH-EMC-1771
   526	hCov-19/Netherlands/ZH-EMC-1772
   527	hCov-19/Netherlands/ZH-EMC-1773
   528	hCov-19/Netherlands/ZH-EMC-1774
   529	hCov-19/Netherlands/ZH-EMC-1775
   530	hCov-19/Netherlands/ZH-EMC-1776
   531	hCov-19/Netherlands/ZH-EMC-1777
   532	hCov-19/Netherlands/NB-EMC-728
   533	hCov-19/Netherlands/NB-EMC-729
   534	hCov-19/Netherlands/NB-EMC-730
   535	hCov-19/Netherlands/ZH-EMC-1778
   536	hCov-19/Netherlands/ZH-EMC-1779
   537	hCov-19/Netherlands/ZH-EMC-1780
   538	hCov-19/Netherlands/ZH-EMC-1781
   539	hCov-19/Netherlands/ZH-EMC-1782
   540	hCov-19/Netherlands/ZH-EMC-1783
   541	hCov-19/Netherlands/OV-EMC-163
   542	hCov-19/Netherlands/OV-EMC-164
   543	hCov-19/Netherlands/OV-EMC-165
   544	hCov-19/Netherlands/OV-EMC-166
   545	hCov-19/Netherlands/OV-EMC-167
   546	hCov-19/Netherlands/OV-EMC-168
   547	hCov-19/Netherlands/OV-EMC-169
   548	hCov-19/Netherlands/ZE-EMC-105
   549	hCov-19/Netherlands/NB-EMC-731
   550	hCov-19/Netherlands/NB-EMC-732
   551	hCov-19/Netherlands/NB-EMC-733
   552	hCov-19/Netherlands/NB-EMC-734
   553	hCov-19/Netherlands/NB-EMC-735
   554	hCov-19/Netherlands/NB-EMC-736
   555	hCov-19/Netherlands/NB-EMC-737
   556	hCov-19/Netherlands/NB-EMC-738
   557	hCov-19/Netherlands/ZH-EMC-1784
   558	hCov-19/Netherlands/ZH-EMC-1785
   559	hCov-19/Netherlands/ZH-EMC-1786
   560	hCov-19/Netherlands/NB-EMC-739
   561	hCov-19/Netherlands/NB-EMC-740
   562	hCov-19/Netherlands/NB-EMC-767
   563	hCov-19/Netherlands/NB-EMC-741
   564	hCov-19/Netherlands/OV-EMC-170
   565	hCov-19/Netherlands/ZH-EMC-1787
   566	hCov-19/Netherlands/ZH-EMC-1788
   567	hCov-19/Netherlands/ZH-EMC-1789
   568	hCov-19/Netherlands/ZH-EMC-1790
   569	hCov-19/Netherlands/ZH-EMC-1791
   570	hCov-19/Netherlands/ZH-EMC-1792
   571	hCov-19/Netherlands/OV-EMC-171
   572	hCov-19/Netherlands/OV-EMC-172
   573	hCov-19/Netherlands/OV-EMC-173
   574	hCov-19/Netherlands/OV-EMC-174
   575	hCov-19/Netherlands/OV-EMC-175
   576	hCov-19/Netherlands/OV-EMC-176
   577	hCov-19/Netherlands/OV-EMC-177
   578	hCov-19/Netherlands/OV-EMC-178
   579	hCov-19/Netherlands/OV-EMC-179
   580	hCov-19/Netherlands/OV-EMC-180
   581	hCov-19/Netherlands/OV-EMC-181
   582	hCov-19/Netherlands/NB-EMC-742
   583	hCov-19/Netherlands/NB-EMC-743
   584	hCov-19/Netherlands/NB-EMC-744
   585	hCov-19/Netherlands/NB-EMC-745
   586	hCov-19/Netherlands/NB-EMC-746
   587	hCov-19/Netherlands/NB-EMC-747
   588	hCov-19/Netherlands/NB-EMC-748
   589	hCov-19/Netherlands/NB-EMC-749
   590	hCov-19/Netherlands/NB-EMC-750
   591	hCov-19/Netherlands/NB-EMC-751
   592	hCov-19/Netherlands/NB-EMC-752
   593	hCov-19/Netherlands/NB-EMC-753
   594	hCov-19/Netherlands/NB-EMC-754
   595	hCov-19/Netherlands/NB-EMC-755
   596	hCov-19/Netherlands/NB-EMC-756
   597	hCov-19/Netherlands/NB-EMC-757
   598	hCov-19/Netherlands/NB-EMC-758
   599	hCov-19/Netherlands/NB-EMC-759
   600	hCov-19/Netherlands/OV-EMC-182
   601	hCov-19/Netherlands/NB-EMC-760
   602	hCov-19/Netherlands/NB-EMC-761
   603	hCov-19/Netherlands/NB-EMC-762
   604	hCov-19/Netherlands/NB-EMC-763
   605	hCov-19/Netherlands/NB-EMC-764
   606	hCov-19/Netherlands/NB-EMC-765
   607	hCov-19/Netherlands/NB-EMC-766
   608	hCov-19/Netherlands/OV-EMC-183
   609	hCov-19/Netherlands/OV-EMC-184
   610	hCov-19/Netherlands/OV-EMC-185
   611	hCov-19/Netherlands/OV-EMC-186
   612	hCov-19/Netherlands/ZH-EMC-1764
   613	hCov-19/Netherlands/ZH-EMC-1738
   614	hCov-19/Netherlands/ZH-EMC-1739
   615	hCov-19/Netherlands/ZH-EMC-1740
   616	hCov-19/Netherlands/ZH-EMC-1741
   617	hCov-19/Netherlands/ZH-EMC-1742
   618	hCov-19/Netherlands/ZH-EMC-1743
   619	hCov-19/Netherlands/ZH-EMC-1744
   620	hCov-19/Netherlands/ZH-EMC-1745
   621	hCov-19/Netherlands/ZH-EMC-1746
   622	hCov-19/Netherlands/ZH-EMC-1747
   623	hCov-19/Netherlands/ZH-EMC-1748
   624	hCov-19/Netherlands/ZH-EMC-1749
   625	hCov-19/Netherlands/ZH-EMC-1750
   626	hCov-19/Netherlands/ZH-EMC-1751
   627	hCov-19/Netherlands/OV-EMC-157
   628	hCov-19/Netherlands/OV-EMC-158
   629	hCov-19/Netherlands/OV-EMC-159
   630	hCov-19/Netherlands/OV-EMC-160
   631	hCov-19/Netherlands/OV-EMC-161
   632	hCov-19/Netherlands/OV-EMC-162
   633	hCov-19/Netherlands/ZH-EMC-1752
   634	hCov-19/Netherlands/ZH-EMC-1753
   635	hCov-19/Netherlands/ZH-EMC-1754
   636	hCov-19/Netherlands/ZH-EMC-1755
   637	hCov-19/Netherlands/ZH-EMC-1756
   638	hCov-19/Netherlands/ZH-EMC-1757
   639	hCov-19/Netherlands/ZH-EMC-1758
   640	hCov-19/Netherlands/ZH-EMC-1759
   641	hCov-19/Netherlands/ZH-EMC-1760
   642	hCov-19/Netherlands/ZH-EMC-1761
   643	hCov-19/Netherlands/ZH-EMC-1762
   644	hCov-19/Netherlands/ZH-EMC-1763
   645	hCov-19/Netherlands/ZH-EMC-1793
   646	hCov-19/Netherlands/ZH-EMC-1794
   647	hCov-19/Netherlands/ZH-EMC-1795
   648	hCov-19/Netherlands/ZH-EMC-1796
   649	hCov-19/Netherlands/ZH-EMC-1797
   650	hCov-19/Netherlands/ZH-EMC-1798
   651	hCov-19/Netherlands/ZH-EMC-1799
   652	hCov-19/Netherlands/ZH-EMC-1801
   653	hCov-19/Netherlands/ZH-EMC-1802
   654	hCov-19/Netherlands/ZH-EMC-1803
   655	hCov-19/Netherlands/ZH-EMC-1804
   656	hCov-19/Netherlands/ZH-EMC-1805
   657	hCov-19/Netherlands/ZH-EMC-1806
   658	hCov-19/Netherlands/ZH-EMC-1807
   659	hCov-19/Netherlands/UT-EMC-309
   660	hCov-19/Netherlands/UT-EMC-310
   661	hCov-19/Netherlands/UT-EMC-311
   662	hCov-19/Netherlands/UT-EMC-312
   663	hCov-19/Netherlands/UT-EMC-313
   664	hCov-19/Netherlands/UT-EMC-314
   665	hCov-19/Netherlands/UT-EMC-315
   666	hCov-19/Netherlands/UT-EMC-316
   667	hCov-19/Netherlands/UT-EMC-317
   668	hCov-19/Netherlands/UT-EMC-318
   669	hCov-19/Netherlands/UT-EMC-319
   670	hCov-19/Netherlands/ZH-EMC-1808
   671	hCov-19/Netherlands/ZH-EMC-1809
   672	hCov-19/Netherlands/ZH-EMC-1810
   673	hCov-19/Netherlands/ZH-EMC-1811
   674	hCov-19/Netherlands/ZH-EMC-1812
   675	hCov-19/Netherlands/ZH-EMC-1813
   676	hCov-19/Netherlands/ZH-EMC-1814
   677	hCov-19/Netherlands/NB-EMC-768
   678	hCov-19/Netherlands/NB-EMC-769
   679	hCov-19/Netherlands/NB-EMC-770
   680	hCov-19/Netherlands/NB-EMC-771
   681	hCov-19/Netherlands/NB-EMC-772
   682	hCov-19/Netherlands/NB-EMC-773
   683	hCov-19/Netherlands/NB-EMC-774
   684	hCov-19/Netherlands/NB-EMC-775
   685	hCov-19/Netherlands/NB-EMC-776
   686	hCov-19/Netherlands/NB-EMC-777
   687	hCov-19/Netherlands/NB-EMC-778
   688	hCov-19/Netherlands/NB-EMC-779
   689	hCov-19/Netherlands/NB-EMC-780
   690	hCov-19/Netherlands/NB-EMC-781
   691	hCov-19/Netherlands/NB-EMC-782
   692	hCov-19/Netherlands/NB-EMC-783
   693	hCov-19/Netherlands/NB-EMC-784
   694	hCov-19/Netherlands/NB-EMC-785
   695	hCov-19/Netherlands/NB-EMC-786
   696	hCov-19/Netherlands/NB-EMC-787
   697	hCov-19/Netherlands/NB-EMC-788
   698	hCov-19/Netherlands/NB-EMC-789
   699	hCov-19/Netherlands/NB-EMC-790
   700	hCov-19/Netherlands/NB-EMC-791
   701	hCov-19/Netherlands/NB-EMC-792
   702	hCov-19/Netherlands/NB-EMC-793
   703	hCov-19/Netherlands/NB-EMC-794
   704	hCov-19/Netherlands/NB-EMC-795
   705	hCov-19/Netherlands/NB-EMC-796
   706	hCov-19/Netherlands/NB-EMC-797
   707	hCov-19/Netherlands/NB-EMC-798
   708	hCov-19/Netherlands/NB-EMC-799
   709	hCov-19/Netherlands/NB-EMC-800
   710	hCov-19/Netherlands/NB-EMC-801
   711	hCov-19/Netherlands/NB-EMC-802
   712	hCov-19/Netherlands/NB-EMC-803
   713	hCov-19/Netherlands/NB-EMC-804
   714	hCov-19/Netherlands/NB-EMC-805
   715	hCov-19/Netherlands/NB-EMC-806
   716	hCov-19/Netherlands/NB-EMC-807
   717	hCov-19/Netherlands/ZH-EMC-1815
   718	hCov-19/Netherlands/ZH-EMC-1816
   719	hCov-19/Netherlands/ZH-EMC-1817
   720	hCov-19/Netherlands/ZH-EMC-1818
   721	hCov-19/Netherlands/ZH-EMC-1819
   722	hCov-19/Netherlands/ZH-EMC-1820
   723	hCov-19/Netherlands/ZH-EMC-1821
   724	hCov-19/Netherlands/ZH-EMC-1822
   725	hCov-19/Netherlands/ZH-EMC-1823
   726	hCov-19/Netherlands/ZH-EMC-1824
   727	hCov-19/Netherlands/NH-EMC-111
   728	hCov-19/Netherlands/NH-EMC-112
   729	hCov-19/Netherlands/NH-EMC-113
   730	hCov-19/Netherlands/NH-EMC-114
   731	hCov-19/Netherlands/ZH-EMC-1825
   732	hCov-19/Netherlands/NB-EMC-808
   733	hCov-19/Netherlands/NB-EMC-809
   734	hCov-19/Netherlands/ZH-EMC-1826
   735	hCov-19/Netherlands/ZH-EMC-1827
   736	hCov-19/Netherlands/LI-EMC-339
   737	hCov-19/Netherlands/LI-EMC-340
   738	hCov-19/Netherlands/NB-EMC-810
   739	hCov-19/Netherlands/NB-EMC-811
   740	hCov-19/Netherlands/NB-EMC-812
   741	hCov-19/Netherlands/NB-EMC-813
   742	hCov-19/Netherlands/NB-EMC-814
   743	hCov-19/Netherlands/NB-EMC-815
   744	hCov-19/Netherlands/NB-EMC-816
   745	hCov-19/Netherlands/NB-EMC-817
   746	hCov-19/Netherlands/NB-EMC-818
   747	hCov-19/Netherlands/NB-EMC-819
   748	hCov-19/Netherlands/NB-EMC-820
   749	hCov-19/Netherlands/NB-EMC-821
   750	hCov-19/Netherlands/NB-EMC-822
   751	hCov-19/Netherlands/NB-EMC-823
   752	hCov-19/Netherlands/NB-EMC-824
   753	hCov-19/Netherlands/NB-EMC-825
   754	hCov-19/Netherlands/NB-EMC-826
   755	hCov-19/Netherlands/NB-EMC-827
   756	hCov-19/Netherlands/NB-EMC-828
   757	hCov-19/Netherlands/NB-EMC-829
   758	hCov-19/Netherlands/NB-EMC-830
   759	hCov-19/Netherlands/NB-EMC-831
   760	hCov-19/Netherlands/NB-EMC-832
   761	hCov-19/Netherlands/NB-EMC-833
   762	hCov-19/Netherlands/NB-EMC-834
   763	hCov-19/Netherlands/OV-EMC-187
   764	hCov-19/Netherlands/OV-EMC-188
   765	hCov-19/Netherlands/ZH-EMC-1828
   766	hCov-19/Netherlands/ZH-EMC-1829
   767	hCov-19/Netherlands/ZH-EMC-1830
   768	hCov-19/Netherlands/ZH-EMC-1831
   769	hCov-19/Netherlands/ZH-EMC-1832
   770	hCov-19/Netherlands/ZH-EMC-1833
   771	hCov-19/Netherlands/ZH-EMC-1834
   772	hCov-19/Netherlands/ZH-EMC-1835
   773	hCov-19/Netherlands/ZH-EMC-1836
   774	hCov-19/Netherlands/ZH-EMC-1837
   775	hCov-19/Netherlands/ZH-EMC-1838
   776	hCov-19/Netherlands/ZH-EMC-1839
   777	hCov-19/Netherlands/ZH-EMC-1840
   778	hCov-19/Netherlands/ZH-EMC-1841
   779	hCov-19/Netherlands/ZH-EMC-1842
   780	hCov-19/Netherlands/ZH-EMC-1843
   781	hCov-19/Netherlands/ZH-EMC-1844
   782	hCov-19/Netherlands/ZH-EMC-1845
   783	hCov-19/Netherlands/ZH-EMC-1846
   784	hCov-19/Netherlands/ZH-EMC-1847
   785	hCov-19/Netherlands/ZH-EMC-1848
   786	hCov-19/Netherlands/ZH-EMC-1849
   787	hCov-19/Netherlands/ZH-EMC-1850
   788	hCov-19/Netherlands/NB-EMC-835
   789	hCov-19/Netherlands/NB-EMC-836
   790	hCov-19/Netherlands/NB-EMC-837
   791	hCov-19/Netherlands/NB-EMC-838
   792	hCov-19/Netherlands/NB-EMC-839
   793	hCov-19/Netherlands/NB-EMC-840
   794	hCov-19/Netherlands/NB-EMC-841
   795	hCov-19/Netherlands/NB-EMC-842
   796	hCov-19/Netherlands/NB-EMC-843
   797	hCov-19/Netherlands/NB-EMC-844
   798	hCov-19/Netherlands/NB-EMC-845
   799	hCov-19/Netherlands/NB-EMC-846
   800	hCov-19/Netherlands/NB-EMC-847
   801	hCov-19/Netherlands/NB-EMC-848
   802	hCov-19/Netherlands/NB-EMC-849
   803	hCov-19/Netherlands/NB-EMC-850
   804	hCov-19/Netherlands/NB-EMC-851
   805	hCov-19/Netherlands/NB-EMC-852
   806	hCov-19/Netherlands/ZH-EMC-1851
   807	hCov-19/Netherlands/ZH-EMC-1852
   808	hCov-19/Netherlands/ZH-EMC-1853
   809	hCov-19/Netherlands/ZH-EMC-1854
   810	hCov-19/Netherlands/ZH-EMC-1855
   811	hCov-19/Netherlands/ZH-EMC-1856
   812	hCov-19/Netherlands/ZH-EMC-1857
   813	hCov-19/Netherlands/ZH-EMC-1858
   814	hCov-19/Netherlands/ZH-EMC-1859
   815	hCov-19/Netherlands/ZH-EMC-1860
   816	hCov-19/Netherlands/ZH-EMC-1861
   817	hCov-19/Netherlands/ZH-EMC-1862
   818	hCov-19/Netherlands/ZH-EMC-1863
   819	hCov-19/Netherlands/ZH-EMC-1864
   820	hCov-19/Netherlands/ZH-EMC-1865
   821	hCov-19/Netherlands/ZH-EMC-1866
   822	hCov-19/Netherlands/ZH-EMC-1867
   823	hCov-19/Netherlands/ZH-EMC-1868
   824	hCov-19/Netherlands/ZH-EMC-1869
   825	hCov-19/Netherlands/ZH-EMC-1870
   826	hCov-19/Netherlands/ZH-EMC-1871
   827	hCov-19/Netherlands/ZH-EMC-1872
   828	hCov-19/Netherlands/ZH-EMC-1873
   829	hCov-19/Netherlands/ZH-EMC-1874
   830	hCov-19/Netherlands/ZH-EMC-1875
   831	hCov-19/Netherlands/ZH-EMC-1876
   832	hCov-19/Netherlands/ZH-EMC-1877
   833	hCov-19/Netherlands/ZH-EMC-1878
   834	hCov-19/Netherlands/ZH-EMC-1879
   835	hCov-19/Netherlands/ZH-EMC-1880
   836	hCov-19/Netherlands/ZH-EMC-1881
   837	hCov-19/Netherlands/ZH-EMC-1882
   838	hCov-19/Netherlands/ZH-EMC-1883
   839	hCov-19/Netherlands/ZH-EMC-1884
   840	hCov-19/Netherlands/GE-EMC-516
   841	hCov-19/Netherlands/GE-EMC-517
   842	hCov-19/Netherlands/GE-EMC-518
   843	hCov-19/Netherlands/ZH-EMC-1885
   844	hCov-19/Netherlands/ZH-EMC-1886
   845	hCov-19/Netherlands/ZH-EMC-1887
   846	hCov-19/Netherlands/ZH-EMC-1888
   847	hCov-19/Netherlands/ZH-EMC-1889
   848	hCov-19/Netherlands/ZH-EMC-1890
   849	hCov-19/Netherlands/NH-EMC-115
   850	hCov-19/Netherlands/ZH-EMC-1909
   851	hCov-19/Netherlands/ZH-EMC-1910
   852	hCov-19/Netherlands/ZH-EMC-1911
   853	hCov-19/Netherlands/ZH-EMC-1912
   854	hCov-19/Netherlands/ZH-EMC-1913
   855	hCov-19/Netherlands/ZH-EMC-1914
   856	hCov-19/Netherlands/ZH-EMC-1915
   857	hCov-19/Netherlands/ZH-EMC-1916
   858	hCov-19/Netherlands/ZH-EMC-1917
   859	hCov-19/Netherlands/ZH-EMC-1918
   860	hCov-19/Netherlands/ZH-EMC-1919
   861	hCov-19/Netherlands/ZH-EMC-1920
   862	hCov-19/Netherlands/ZH-EMC-1921
   863	hCov-19/Netherlands/ZH-EMC-1922
   864	hCov-19/Netherlands/ZH-EMC-1923
   865	hCov-19/Netherlands/ZH-EMC-1924
   866	hCov-19/Netherlands/ZH-EMC-1925
   867	hCov-19/Netherlands/ZH-EMC-1926
   868	hCov-19/Netherlands/ZH-EMC-1927
   869	hCov-19/Netherlands/UT-EMC-331
   870	hCov-19/Netherlands/UT-EMC-332
   871	hCov-19/Netherlands/ZH-EMC-1928
   872	hCov-19/Netherlands/ZH-EMC-1929
   873	hCov-19/Netherlands/ZH-EMC-1930
   874	hCov-19/Netherlands/ZH-EMC-1931
   875	hCov-19/Netherlands/ZH-EMC-1932
   876	hCov-19/Netherlands/ZH-EMC-1933
   877	hCov-19/Netherlands/ZH-EMC-1934
   878	hCov-19/Netherlands/ZH-EMC-1935
   879	hCov-19/Netherlands/ZH-EMC-1936
   880	hCov-19/Netherlands/ZH-EMC-1937
   881	hCov-19/Netherlands/ZH-EMC-1938
   882	hCov-19/Netherlands/ZH-EMC-1939
   883	hCov-19/Netherlands/UT-EMC-333
   884	hCov-19/Netherlands/FL-EMC-49
   885	hCov-19/Netherlands/UT-EMC-334
   886	hCov-19/Netherlands/NB-EMC-853
   887	hCov-19/Netherlands/NB-EMC-854
   888	hCov-19/Netherlands/ZH-EMC-1940
   889	hCov-19/Netherlands/ZH-EMC-1941
   890	hCov-19/Netherlands/ZH-EMC-1942
   891	hCov-19/Netherlands/ZH-EMC-1943
   892	hCov-19/Netherlands/ZH-EMC-1944
   893	hCov-19/Netherlands/ZH-EMC-1945
   894	hCov-19/Netherlands/ZH-EMC-1946
   895	hCov-19/Netherlands/ZH-EMC-1947
   896	hCov-19/Netherlands/ZH-EMC-1948
   897	hCov-19/Netherlands/ZH-EMC-1949
   898	hCov-19/Netherlands/ZH-EMC-1950
   899	hCov-19/Netherlands/ZH-EMC-1951
   900	hCov-19/Netherlands/ZH-EMC-1952
   901	hCov-19/Netherlands/ZH-EMC-1953
   902	hCov-19/Netherlands/ZH-EMC-1954
   903	hCov-19/Netherlands/ZH-EMC-1955
   904	hCov-19/Netherlands/UT-EMC-336
   905	hCov-19/Netherlands/UT-EMC-335
   906	hCov-19/Netherlands/NB-EMC-855
   907	hCov-19/Netherlands/NB-EMC-856
   908	hCov-19/Netherlands/ZH-EMC-1956
   909	hCov-19/Netherlands/ZH-EMC-1957
   910	hCov-19/Netherlands/ZH-EMC-1958
   911	hCov-19/Netherlands/ZH-EMC-1959
   912	hCov-19/Netherlands/ZH-EMC-1960
   913	hCov-19/Netherlands/ZH-EMC-1961
   914	hCov-19/Netherlands/ZH-EMC-1962
   915	hCov-19/Netherlands/ZH-EMC-1963
   916	hCov-19/Netherlands/ZH-EMC-1964
   917	hCov-19/Netherlands/ZH-EMC-1965
   918	hCov-19/Netherlands/ZH-EMC-1966
   919	hCov-19/Netherlands/NB-EMC-857
   920	hCov-19/Netherlands/ZH-EMC-1967
   921	hCov-19/Netherlands/NB-EMC-859
   922	hCov-19/Netherlands/ZH-EMC-1969
   923	hCov-19/Netherlands/ZH-EMC-1970
   924	hCov-19/Netherlands/ZH-EMC-1971
   925	hCov-19/Netherlands/ZH-EMC-1972
   926	hCov-19/Netherlands/ZH-EMC-1973
   927	hCov-19/Netherlands/ZH-EMC-1974
   928	hCov-19/Netherlands/ZH-EMC-1975
   929	hCov-19/Netherlands/NB-EMC-860
   930	hCov-19/Netherlands/NB-EMC-861
   931	hCov-19/Netherlands/NB-EMC-862
   932	hCov-19/Netherlands/ZH-EMC-1976
   933	hCov-19/Netherlands/ZH-EMC-1977
   934	hCov-19/Netherlands/ZH-EMC-1978
   935	hCov-19/Netherlands/ZH-EMC-1979
   936	hCov-19/Netherlands/ZH-EMC-1980
   937	hCov-19/Netherlands/ZH-EMC-1981
   938	hCov-19/Netherlands/ZH-EMC-1982
   939	hCov-19/Netherlands/ZH-EMC-1983
   940	hCov-19/Netherlands/ZH-EMC-1984
   941	hCov-19/Netherlands/ZH-EMC-1985
   942	hCov-19/Netherlands/ZH-EMC-1986
   943	hCov-19/Netherlands/ZH-EMC-1987
   944	hCov-19/Netherlands/ZH-EMC-1988
   945	hCov-19/Netherlands/ZH-EMC-1989
   946	hCov-19/Netherlands/ZH-EMC-1990
   947	hCov-19/Netherlands/ZH-EMC-1991
   948	hCov-19/Netherlands/ZH-EMC-1992
   949	hCov-19/Netherlands/ZH-EMC-1993
   950	hCov-19/Netherlands/ZH-EMC-1994
   951	hCov-19/Netherlands/ZH-EMC-1995
   952	hCov-19/Netherlands/ZH-EMC-1996
   953	hCov-19/Netherlands/ZH-EMC-1997
   954	hCov-19/Netherlands/ZH-EMC-1998
   955	hCov-19/Netherlands/ZH-EMC-1999
   956	hCov-19/Netherlands/ZH-EMC-2000
   957	hCov-19/Netherlands/FL-EMC-50
   958	hCov-19/Netherlands/GE-EMC-519
   959	hCov-19/Netherlands/ZH-EMC-2001
   960	hCov-19/Netherlands/ZH-EMC-2002
   961	hCov-19/Netherlands/NB-EMC-863
   962	hCov-19/Netherlands/ZH-EMC-2003
   963	hCov-19/Netherlands/ZH-EMC-2004
   964	hCov-19/Netherlands/ZH-EMC-2005
   965	hCov-19/Netherlands/ZH-EMC-2006
   966	hCov-19/Netherlands/ZH-EMC-2007
   967	hCov-19/Netherlands/ZH-EMC-2008
   968	hCov-19/Netherlands/ZH-EMC-2009
   969	hCov-19/Netherlands/ZH-EMC-2010
   970	hCov-19/Netherlands/ZH-EMC-2011
   971	hCov-19/Netherlands/ZH-EMC-2012
   972	hCov-19/Netherlands/UT-EMC-320
   973	hCov-19/Netherlands/UT-EMC-321
   974	hCov-19/Netherlands/UT-EMC-322
   975	hCov-19/Netherlands/UT-EMC-323
   976	hCov-19/Netherlands/UT-EMC-324
   977	hCov-19/Netherlands/UT-EMC-325
   978	hCov-19/Netherlands/UT-EMC-326
   979	hCov-19/Netherlands/UT-EMC-327
   980	hCov-19/Netherlands/UT-EMC-328
   981	hCov-19/Netherlands/UT-EMC-329
   982	hCov-19/Netherlands/UT-EMC-330
   983	hCov-19/Netherlands/ZH-EMC-1891
   984	hCov-19/Netherlands/ZH-EMC-1892
   985	hCov-19/Netherlands/ZH-EMC-1893
   986	hCov-19/Netherlands/ZH-EMC-1894
   987	hCov-19/Netherlands/ZH-EMC-1895
   988	hCov-19/Netherlands/ZH-EMC-1896
   989	hCov-19/Netherlands/ZH-EMC-1897
   990	hCov-19/Netherlands/ZH-EMC-1898
   991	hCov-19/Netherlands/ZH-EMC-1899
   992	hCov-19/Netherlands/ZH-EMC-1900
   993	hCov-19/Netherlands/ZH-EMC-1901
   994	hCov-19/Netherlands/ZH-EMC-1902
   995	hCov-19/Netherlands/ZH-EMC-1903
   996	hCov-19/Netherlands/ZH-EMC-1904
   997	hCov-19/Netherlands/ZH-EMC-1905
   998	hCov-19/Netherlands/ZH-EMC-1906
   999	hCov-19/Netherlands/ZH-EMC-1907
  1000	hCov-19/Netherlands/ZH-EMC-1908
  1001	hCov-19/Netherlands/ZH-EMC-2013
  1002	hCov-19/Netherlands/ZH-EMC-2014
  1003	hCov-19/Netherlands/ZH-EMC-2015
  1004	hCov-19/Netherlands/ZH-EMC-2016
  1005	hCov-19/Netherlands/ZH-EMC-2017
  1006	hCov-19/Netherlands/ZH-EMC-2018
  1007	hCov-19/Netherlands/ZH-EMC-2019
  1008	hCov-19/Netherlands/ZH-EMC-2020
  1009	hCov-19/Netherlands/ZH-EMC-2021
  1010	hCov-19/Netherlands/ZH-EMC-2022
  1011	hCov-19/Netherlands/ZH-EMC-2023
  1012	hCov-19/Netherlands/ZH-EMC-2024
  1013	hCov-19/Netherlands/ZH-EMC-2025
  1014	hCov-19/Netherlands/ZH-EMC-2026
  1015	hCov-19/Netherlands/ZH-EMC-2027
  1016	hCov-19/Netherlands/ZH-EMC-2028
  1017	hCov-19/Netherlands/ZH-EMC-2029
  1018	hCov-19/Netherlands/ZH-EMC-2030
  1019	hCov-19/Netherlands/ZH-EMC-2031
  1020	hCov-19/Netherlands/ZH-EMC-2032
  1021	hCov-19/Netherlands/ZH-EMC-2033
  1022	hCov-19/Netherlands/ZH-EMC-2034
  1023	hCov-19/Netherlands/ZH-EMC-2035
  1024	hCov-19/Netherlands/ZH-EMC-2036
  1025	hCov-19/Netherlands/ZH-EMC-2037
  1026	hCov-19/Netherlands/GE-EMC-520
  1027	hCov-19/Netherlands/GE-EMC-521
  1028	hCov-19/Netherlands/GE-EMC-522
  1029	hCov-19/Netherlands/GE-EMC-523
  1030	hCov-19/Netherlands/GE-EMC-524
  1031	hCov-19/Netherlands/GE-EMC-525
  1032	hCov-19/Netherlands/GE-EMC-526
  1033	hCov-19/Netherlands/GE-EMC-527
  1034	hCov-19/Netherlands/ZH-EMC-2038
  1035	hCov-19/Netherlands/ZH-EMC-2039
  1036	hCov-19/Netherlands/ZH-EMC-2040
  1037	hCov-19/Netherlands/ZH-EMC-2041
  1038	hCov-19/Netherlands/ZH-EMC-2042
  1039	hCov-19/Netherlands/ZH-EMC-2043
  1040	hCov-19/Netherlands/NB-EMC-876
  1041	hCov-19/Netherlands/NB-EMC-877
  1042	hCov-19/Netherlands/NB-EMC-878
  1043	hCov-19/Netherlands/NB-EMC-879
  1044	hCov-19/Netherlands/NB-EMC-880
  1045	hCov-19/Netherlands/FL-EMC-52
  1046	hCov-19/Netherlands/UT-EMC-337
  1047	hCov-19/Netherlands/UT-EMC-338
  1048	hCov-19/Netherlands/UT-EMC-339
  1049	hCov-19/Netherlands/UT-EMC-340
  1050	hCov-19/Netherlands/ZH-EMC-2044
  1051	hCov-19/Netherlands/NH-EMC-116
  1052	hCov-19/Netherlands/ZH-EMC-2045
  1053	hCov-19/Netherlands/ZH-EMC-2046
  1054	hCov-19/Netherlands/ZH-EMC-2047
  1055	hCov-19/Netherlands/ZH-EMC-2048
  1056	hCov-19/Netherlands/ZH-EMC-2049
  1057	hCov-19/Netherlands/ZH-EMC-2050
  1058	hCov-19/Netherlands/ZH-EMC-2051
  1059	hCov-19/Netherlands/ZH-EMC-2052
  1060	hCov-19/Netherlands/ZH-EMC-2053
  1061	hCov-19/Netherlands/ZH-EMC-2054
  1062	hCov-19/Netherlands/GE-EMC-528
  1063	hCov-19/Netherlands/ZH-EMC-2055
  1064	hCov-19/Netherlands/ZH-EMC-2056
  1065	hCov-19/Netherlands/ZH-EMC-2057
  1066	hCov-19/Netherlands/ZH-EMC-2058
  1067	hCov-19/Netherlands/ZH-EMC-2059
  1068	hCov-19/Netherlands/ZH-EMC-2060
  1069	hCov-19/Netherlands/NH-EMC-117
  1070	hCov-19/Netherlands/NH-EMC-118
  1071	hCov-19/Netherlands/ZH-EMC-2061
  1072	hCov-19/Netherlands/ZH-EMC-2062
  1073	hCov-19/Netherlands/ZH-EMC-2063
  1074	hCov-19/Netherlands/ZH-EMC-2064
  1075	hCov-19/Netherlands/ZH-EMC-2065
  1076	hCov-19/Netherlands/ZH-EMC-2066
  1077	hCov-19/Netherlands/ZH-EMC-2067
  1078	hCov-19/Netherlands/ZH-EMC-2068
  1079	hCov-19/Netherlands/ZH-EMC-2069
  1080	hCov-19/Netherlands/ZH-EMC-2070
  1081	hCov-19/Netherlands/ZH-EMC-2071
  1082	hCov-19/Netherlands/ZH-EMC-2072
  1083	hCov-19/Netherlands/ZH-EMC-2073
  1084	hCov-19/Netherlands/ZH-EMC-2074
  1085	hCov-19/Netherlands/ZH-EMC-2075
  1086	hCov-19/Netherlands/ZH-EMC-2076
  1087	hCov-19/Netherlands/ZH-EMC-2077
  1088	hCov-19/Netherlands/ZH-EMC-2078
  1089	hCov-19/Netherlands/ZH-EMC-2079
  1090	hCov-19/Netherlands/ZH-EMC-2080
  1091	hCov-19/Netherlands/NB-EMC-864
  1092	hCov-19/Netherlands/NB-EMC-865
  1093	hCov-19/Netherlands/NB-EMC-866
  1094	hCov-19/Netherlands/NB-EMC-867
  1095	hCov-19/Netherlands/NB-EMC-868
  1096	hCov-19/Netherlands/NB-EMC-869
  1097	hCov-19/Netherlands/NB-EMC-870
  1098	hCov-19/Netherlands/NB-EMC-871
  1099	hCov-19/Netherlands/NB-EMC-872
  1100	hCov-19/Netherlands/NB-EMC-873
  1101	hCov-19/Netherlands/NB-EMC-874
  1102	hCov-19/Netherlands/NB-EMC-875
  1103	hCov-19/Netherlands/FL-EMC-51
  1104	hCov-19/Netherlands/ZH-EMC-2081
  1105	hCov-19/Netherlands/ZH-EMC-2082
  1106	hCov-19/Netherlands/ZH-EMC-2083
  1107	hCov-19/Netherlands/ZH-EMC-2084
  1108	hCov-19/Netherlands/GE-EMC-529
  1109	hCov-19/Netherlands/ZH-EMC-2085
  1110	hCov-19/Netherlands/ZH-EMC-2086
  1111	hCov-19/Netherlands/ZH-EMC-2087
  1112	hCov-19/Netherlands/ZH-EMC-2088
  1113	hCov-19/Netherlands/ZH-EMC-2089
  1114	hCov-19/Netherlands/ZH-EMC-2090
  1115	hCov-19/Netherlands/ZH-EMC-2091
  1116	hCov-19/Netherlands/ZH-EMC-2092
  1117	hCov-19/Netherlands/ZH-EMC-2093
  1118	hCov-19/Netherlands/ZH-EMC-2094
  1119	hCov-19/Netherlands/ZH-EMC-2098
  1120	hCov-19/Netherlands/ZH-EMC-2099
  1121	hCov-19/Netherlands/ZH-EMC-2100
  1122	hCov-19/Netherlands/ZH-EMC-2101
  1123	hCov-19/Netherlands/ZH-EMC-2102
  1124	hCov-19/Netherlands/ZH-EMC-2103
  1125	hCov-19/Netherlands/ZH-EMC-2104
  1126	hCov-19/Netherlands/ZH-EMC-2105
  1127	hCov-19/Netherlands/ZH-EMC-2106
  1128	hCov-19/Netherlands/ZH-EMC-2107
  1129	hCov-19/Netherlands/ZH-EMC-2108
  1130	hCov-19/Netherlands/ZH-EMC-2109
  1131	hCov-19/Netherlands/ZH-EMC-2110
  1132	hCov-19/Netherlands/ZH-EMC-2111
